"DESCRIPTION","DURATION IN MS","NAME","PARENT SUITE","START TIME","STATUS","STOP TIME","SUB SUITE","SUITE","TEST CLASS","TEST METHOD"
"","13","–ì–µ–Ω–µ—Ä–∞—Ü–∏—è —Ç–µ—Å—Ç–æ–≤—ã—Ö –¥–∞–Ω–Ω—ã—Ö —Ä–∞–±–æ—Ç–∞–µ—Ç","api-tests","Tue Feb 10 21:57:56 MSK 2026","passed","Tue Feb 10 21:57:56 MSK 2026","üîß –î–æ–ø–æ–ª–Ω–∏—Ç–µ–ª—å–Ω—ã–µ –ø—Ä–æ–≤–µ—Ä–∫–∏","","",""
"","603","–ü—Ä–æ–≤–µ—Ä–∫–∞ Service Worker –¥–ª—è PWA","api-tests","Tue Feb 10 21:43:44 MSK 2026","passed","Tue Feb 10 21:43:44 MSK 2026","üîê –î–æ–ø–æ–ª–Ω–∏—Ç–µ–ª—å–Ω—ã–µ SPA —Ç–µ—Å—Ç—ã","","",""
"","310","5. GET /static/media/*.jpg - –∑–∞–≥—Ä—É–∑–∫–∞ –∏–∑–æ–±—Ä–∞–∂–µ–Ω–∏—è —Ç–æ–≤–∞—Ä–∞","api-tests","Tue Feb 10 20:49:06 MSK 2026","passed","Tue Feb 10 20:49:06 MSK 2026","üéØ 5 API —Ç–µ—Å—Ç–æ–≤ Sauce Demo (–Ω–∞ —Ä–µ–∞–ª—å–Ω—ã—Ö –¥–∞–Ω–Ω—ã—Ö)","api\specs\sauceDemoApi.test.js","",""
"","371","–ö–æ–º–ø–ª–µ–∫—Å–Ω–∞—è –ø—Ä–æ–≤–µ—Ä–∫–∞ SPA –ø—Ä–∏–ª–æ–∂–µ–Ω–∏—è","api-tests","Tue Feb 10 21:43:42 MSK 2026","passed","Tue Feb 10 21:43:42 MSK 2026","üîê –î–æ–ø–æ–ª–Ω–∏—Ç–µ–ª—å–Ω—ã–µ SPA —Ç–µ—Å—Ç—ã","","",""
"","275","5. –ü—Ä–æ–≤–µ—Ä–∫–∞ –ø—Ä–æ–∏–∑–≤–æ–¥–∏—Ç–µ–ª—å–Ω–æ—Å—Ç–∏","api-tests","Tue Feb 10 21:36:13 MSK 2026","passed","Tue Feb 10 21:36:13 MSK 2026","üéì API —Ç–µ—Å—Ç—ã –¥–ª—è Sauce Demo (5 –û–ë–Ø–ó–ê–¢–ï–õ–¨–ù–´–• —Ç–µ—Å—Ç–æ–≤)","","",""
"","69","3. GET /static/css/main.*.css - –∑–∞–≥—Ä—É–∑–∫–∞ —Å—Ç–∏–ª–µ–π","api-tests","Tue Feb 10 20:49:06 MSK 2026","passed","Tue Feb 10 20:49:06 MSK 2026","üéØ 5 API —Ç–µ—Å—Ç–æ–≤ Sauce Demo (–Ω–∞ —Ä–µ–∞–ª—å–Ω—ã—Ö –¥–∞–Ω–Ω—ã—Ö)","api\specs\sauceDemoApi.test.js","",""
"","266","2. –§–∞–≤–∏–∫–æ–Ω —Å—É—â–µ—Å—Ç–≤—É–µ—Ç","api-tests","Tue Feb 10 20:43:47 MSK 2026","passed","Tue Feb 10 20:43:48 MSK 2026","5 API —Ç–µ—Å—Ç–æ–≤ –¥–ª—è Sauce Demo","api\specs\sauceDemoApi.test.js","",""
"","77","–ü—Ä–æ–≤–µ—Ä–∫–∞ –∫—ç—à–∏—Ä–æ–≤–∞–Ω–∏—è","api-tests","Tue Feb 10 21:36:14 MSK 2026","passed","Tue Feb 10 21:36:14 MSK 2026","üîê –î–æ–ø–æ–ª–Ω–∏—Ç–µ–ª—å–Ω—ã–µ API —Ç–µ—Å—Ç—ã","","",""
"","184","–ü—Ä–æ–≤–µ—Ä–∫–∞ –Ω–∞ SQL –∏–Ω—ä–µ–∫—Ü–∏—é (–ø—Ä–æ—Å—Ç–∞—è)","api-tests","Tue Feb 10 21:57:56 MSK 2026","passed","Tue Feb 10 21:57:56 MSK 2026","üîß –î–æ–ø–æ–ª–Ω–∏—Ç–µ–ª—å–Ω—ã–µ –ø—Ä–æ–≤–µ—Ä–∫–∏","","",""
"","2172","–û—à–∏–±–∫–∞ –ø—Ä–∏ –Ω–µ–≤–µ—Ä–Ω–æ–º –ø–∞—Ä–æ–ª–µ","ui-tests","Tue Feb 10 20:41:01 MSK 2026","passed","Tue Feb 10 20:41:04 MSK 2026","","ui\specs\login.test.js","",""
"","276","GET /inventory.html - –ø—Ä–æ–≤–µ—Ä–∫–∞ –≤—Ä–µ–º–µ–Ω–∏ –æ—Ç–≤–µ—Ç–∞","api-tests","Tue Feb 10 20:10:35 MSK 2026","failed","Tue Feb 10 20:10:35 MSK 2026","API —Ç–µ—Å—Ç—ã Sauce Demo","api\specs\inventoryApi.test.js","",""
"","237","–ü—Ä–æ–≤–µ—Ä–∫–∞ —Ñ–∞–≤–∏–∫–æ–Ω–∞","api-tests","Tue Feb 10 21:33:37 MSK 2026","passed","Tue Feb 10 21:33:38 MSK 2026","üîê –î–æ–ø–æ–ª–Ω–∏—Ç–µ–ª—å–Ω—ã–µ API —Ç–µ—Å—Ç—ã","","",""
"","250","5. –ü—Ä–æ–≤–µ—Ä–∫–∞ –∑–∞–≥–æ–ª–æ–≤–∫–æ–≤ –±–µ–∑–æ–ø–∞—Å–Ω–æ—Å—Ç–∏","api-tests","Tue Feb 10 21:33:35 MSK 2026","failed","Tue Feb 10 21:33:35 MSK 2026","üéì API —Ç–µ—Å—Ç—ã –¥–ª—è Sauce Demo (5 –æ–±—è–∑–∞—Ç–µ–ª—å–Ω—ã—Ö —Ç–µ—Å—Ç–æ–≤)","","",""
"","165","–ü—Ä–æ–≤–µ—Ä–∫–∞ 404 —Å—Ç—Ä–∞–Ω–∏—Ü—ã","api-tests","Tue Feb 10 21:33:38 MSK 2026","passed","Tue Feb 10 21:33:38 MSK 2026","üîê –î–æ–ø–æ–ª–Ω–∏—Ç–µ–ª—å–Ω—ã–µ API —Ç–µ—Å—Ç—ã","","",""
"","245","1. –£—Å–ø–µ—à–Ω–∞—è –∞–≤—Ç–æ—Ä–∏–∑–∞—Ü–∏—è –≤–∞–ª–∏–¥–Ω—ã–º –ø–æ–ª—å–∑–æ–≤–∞—Ç–µ–ª–µ–º","api-tests","Tue Feb 10 21:09:43 MSK 2026","failed","Tue Feb 10 21:09:43 MSK 2026","üéì –ü–û–õ–ù–û–¶–ï–ù–ù–´–ï API —Ç–µ—Å—Ç—ã –¥–ª—è Sauce Demo (5 —Ç–µ—Å—Ç–æ–≤)","","",""
"","240","2. –£—Å–ø–µ—à–Ω–∞—è –∞–≤—Ç–æ—Ä–∏–∑–∞—Ü–∏—è —á–µ—Ä–µ–∑ —Ñ–æ—Ä–º—É –ª–æ–≥–∏–Ω–∞","api-tests","Tue Feb 10 21:33:33 MSK 2026","failed","Tue Feb 10 21:33:33 MSK 2026","üéì API —Ç–µ—Å—Ç—ã –¥–ª—è Sauce Demo (5 –æ–±—è–∑–∞—Ç–µ–ª—å–Ω—ã—Ö —Ç–µ—Å—Ç–æ–≤)","","",""
"","352","4. –ü—Ä–æ–≤–µ—Ä–∫–∞ —Å—Ç–∞—Ç–∏—á–µ—Å–∫–∏—Ö —Ä–µ—Å—É—Ä—Å–æ–≤ (CSS, –∏–∑–æ–±—Ä–∞–∂–µ–Ω–∏—è)","api-tests","Tue Feb 10 21:33:35 MSK 2026","failed","Tue Feb 10 21:33:35 MSK 2026","üéì API —Ç–µ—Å—Ç—ã –¥–ª—è Sauce Demo (5 –æ–±—è–∑–∞—Ç–µ–ª—å–Ω—ã—Ö —Ç–µ—Å—Ç–æ–≤)","","",""
"","171","4. –°—Ç—Ä–∞–Ω–∏—Ü–∞ –≤–æ–∑–≤—Ä–∞—â–∞–µ—Ç 404 –¥–ª—è –Ω–µ—Å—É—â–µ—Å—Ç–≤—É—é—â–µ–≥–æ –ø—É—Ç–∏","api-tests","Tue Feb 10 20:43:48 MSK 2026","passed","Tue Feb 10 20:43:48 MSK 2026","5 API —Ç–µ—Å—Ç–æ–≤ –¥–ª—è Sauce Demo","api\specs\sauceDemoApi.test.js","",""
"","68","4. –ü—Ä–æ–≤–µ—Ä–∫–∞ —Å—Ç–∞—Ç–∏—á–µ—Å–∫–∏—Ö —Ä–µ—Å—É—Ä—Å–æ–≤ (—Ñ–∞–≤–∏–∫–æ–Ω)","api-tests","Tue Feb 10 21:57:56 MSK 2026","passed","Tue Feb 10 21:57:56 MSK 2026","üéì API –¢–ï–°–¢–´ –î–õ–Ø –î–ò–ü–õ–û–ú–ê (5 –æ–±—è–∑–∞—Ç–µ–ª—å–Ω—ã—Ö —Ç–µ—Å—Ç–æ–≤)","","",""
"","2835","–î–æ–±–∞–≤–ª–µ–Ω–∏–µ —Ç–æ–≤–∞—Ä–∞ –≤ –∫–æ—Ä–∑–∏–Ω—É","ui-tests","Tue Feb 10 20:40:56 MSK 2026","passed","Tue Feb 10 20:40:59 MSK 2026","–ü–æ–∫—É–ø–∫–∞ —Ç–æ–≤–∞—Ä–æ–≤ –Ω–∞ Sauce Demo","ui\specs\ecommerce.test.js","",""
"","9","POST / - –ª–æ–≥–∏–Ω —Å –Ω–µ–≤–µ—Ä–Ω—ã–º –ø–∞—Ä–æ–ª–µ–º –≤–æ–∑–≤—Ä–∞—â–∞–µ—Ç –æ—à–∏–±–∫—É","api-tests","Tue Feb 10 20:41:28 MSK 2026","failed","Tue Feb 10 20:41:28 MSK 2026","API —Ç–µ—Å—Ç—ã Sauce Demo","api\specs\sauceDemoApi.test.js","",""
"","75","4. GET /inventory.html - –Ω–µ-SPA –ø—É—Ç—å –≤–æ–∑–≤—Ä–∞—â–∞–µ—Ç 404","api-tests","Tue Feb 10 20:49:06 MSK 2026","passed","Tue Feb 10 20:49:06 MSK 2026","üéØ 5 API —Ç–µ—Å—Ç–æ–≤ Sauce Demo (–Ω–∞ —Ä–µ–∞–ª—å–Ω—ã—Ö –¥–∞–Ω–Ω—ã—Ö)","api\specs\sauceDemoApi.test.js","",""
"","254","–ü—Ä–æ–≤–µ—Ä–∫–∞ HTTPS –∏ —Ä–µ–¥–∏—Ä–µ–∫—Ç–æ–≤","api-tests","Tue Feb 10 21:57:56 MSK 2026","passed","Tue Feb 10 21:57:56 MSK 2026","üîß –î–æ–ø–æ–ª–Ω–∏—Ç–µ–ª—å–Ω—ã–µ –ø—Ä–æ–≤–µ—Ä–∫–∏","","",""
"","525","3. –°—Ç–∞—Ç–∏—á–µ—Å–∫–∏–µ —Ä–µ—Å—É—Ä—Å—ã SPA –¥–æ—Å—Ç—É–ø–Ω—ã","api-tests","Tue Feb 10 21:43:41 MSK 2026","passed","Tue Feb 10 21:43:42 MSK 2026","üéì API —Ç–µ—Å—Ç—ã –¥–ª—è SPA –ø—Ä–∏–ª–æ–∂–µ–Ω–∏—è Sauce Demo (5 –æ–±—è–∑–∞—Ç–µ–ª—å–Ω—ã—Ö)","","",""
"","66","–ü—Ä–æ–≤–µ—Ä–∫–∞ –Ω–∞–ª–∏—á–∏—è —Ñ–æ—Ä–º—ã –ª–æ–≥–∏–Ω–∞ —á–µ—Ä–µ–∑ API","api-tests","Tue Feb 10 21:36:13 MSK 2026","failed","Tue Feb 10 21:36:13 MSK 2026","üîê –î–æ–ø–æ–ª–Ω–∏—Ç–µ–ª—å–Ω—ã–µ API —Ç–µ—Å—Ç—ã","","",""
"","71","6. GET /manifest.json - –≤–µ–±-–º–∞–Ω–∏—Ñ–µ—Å—Ç PWA","api-tests","Tue Feb 10 20:49:06 MSK 2026","passed","Tue Feb 10 20:49:06 MSK 2026","üéØ 5 API —Ç–µ—Å—Ç–æ–≤ Sauce Demo (–Ω–∞ —Ä–µ–∞–ª—å–Ω—ã—Ö –¥–∞–Ω–Ω—ã—Ö)","api\specs\sauceDemoApi.test.js","",""
"","831","POST /pet - —Å–æ–∑–¥–∞–Ω–∏–µ –Ω–æ–≤–æ–≥–æ –ø–∏—Ç–æ–º—Ü–∞","api-tests","Tue Feb 10 20:27:56 MSK 2026","failed","Tue Feb 10 20:27:56 MSK 2026","API —Ç–µ—Å—Ç—ã Swagger Petstore","api\specs\petApi.test.js","",""
"","73","–ü—Ä–æ–≤–µ—Ä–∫–∞ –Ω–µ–¥–æ—Å—Ç—É–ø–Ω–æ—Å—Ç–∏ –∑–∞—â–∏—â–µ–Ω–Ω—ã—Ö —Å—Ç—Ä–∞–Ω–∏—Ü –±–µ–∑ –∞–≤—Ç–æ—Ä–∏–∑–∞—Ü–∏–∏","api-tests","Tue Feb 10 21:36:11 MSK 2026","failed","Tue Feb 10 21:36:11 MSK 2026","üîê –î–æ–ø–æ–ª–Ω–∏—Ç–µ–ª—å–Ω—ã–µ API —Ç–µ—Å—Ç—ã","","",""
"","251","2. –û—à–∏–±–∫–∞ –∞–≤—Ç–æ—Ä–∏–∑–∞—Ü–∏–∏ —Å –Ω–µ–≤–∞–ª–∏–¥–Ω—ã–º–∏ –¥–∞–Ω–Ω—ã–º–∏","api-tests","Tue Feb 10 21:09:43 MSK 2026","failed","Tue Feb 10 21:09:43 MSK 2026","üéì –ü–û–õ–ù–û–¶–ï–ù–ù–´–ï API —Ç–µ—Å—Ç—ã –¥–ª—è Sauce Demo (5 —Ç–µ—Å—Ç–æ–≤)","","",""
"","2678","5. –ü–æ–ª–Ω–æ–µ –æ—Ñ–æ—Ä–º–ª–µ–Ω–∏–µ –∑–∞–∫–∞–∑–∞","ui-tests","Thu Feb 12 19:03:44 MSK 2026","passed","Thu Feb 12 19:03:46 MSK 2026","üéì UI –¢–ï–°–¢–´ –î–õ–Ø –î–ò–ü–õ–û–ú–ê (5 –æ–±—è–∑–∞—Ç–µ–ª—å–Ω—ã—Ö —Ç–µ—Å—Ç–æ–≤)","UI\specs\sauceDemoUiTests.test.js","",""
"","995","PUT /pet - –æ–±–Ω–æ–≤–ª–µ–Ω–∏–µ –∏–Ω—Ñ–æ—Ä–º–∞—Ü–∏–∏ –æ –ø–∏—Ç–æ–º—Ü–µ","api-tests","Tue Feb 10 20:25:42 MSK 2026","failed","Tue Feb 10 20:25:43 MSK 2026","API —Ç–µ—Å—Ç—ã Swagger Petstore","api\specs\petApi.test.js","",""
"","64","5. –ü—Ä–æ–≤–µ—Ä–∫–∞ –∑–∞–≥–æ–ª–æ–≤–∫–æ–≤ –±–µ–∑–æ–ø–∞—Å–Ω–æ—Å—Ç–∏","api-tests","Tue Feb 10 20:43:48 MSK 2026","passed","Tue Feb 10 20:43:48 MSK 2026","5 API —Ç–µ—Å—Ç–æ–≤ –¥–ª—è Sauce Demo","api\specs\sauceDemoApi.test.js","",""
"","245","1. SPA –ø—Ä–∏–ª–æ–∂–µ–Ω–∏–µ –∑–∞–≥—Ä—É–∂–∞–µ—Ç—Å—è –∏ –≤–æ–∑–≤—Ä–∞—â–∞–µ—Ç HTML","api-tests","Tue Feb 10 21:43:41 MSK 2026","passed","Tue Feb 10 21:43:41 MSK 2026","üéì API —Ç–µ—Å—Ç—ã –¥–ª—è SPA –ø—Ä–∏–ª–æ–∂–µ–Ω–∏—è Sauce Demo (5 –æ–±—è–∑–∞—Ç–µ–ª—å–Ω—ã—Ö)","","",""
"","234","–ó–∞–±–ª–æ–∫–∏—Ä–æ–≤–∞–Ω–Ω—ã–π –ø–æ–ª—å–∑–æ–≤–∞—Ç–µ–ª—å –Ω–µ –º–æ–∂–µ—Ç –∞–≤—Ç–æ—Ä–∏–∑–æ–≤–∞—Ç—å—Å—è","api-tests","Tue Feb 10 21:09:48 MSK 2026","failed","Tue Feb 10 21:09:49 MSK 2026","üîê –î–æ–ø–æ–ª–Ω–∏—Ç–µ–ª—å–Ω—ã–µ —Ç–µ—Å—Ç—ã –±–µ–∑–æ–ø–∞—Å–Ω–æ—Å—Ç–∏ API","","",""
"","344","3. –ü—Ä–æ–≤–µ—Ä–∫–∞ —Å—Ç–∞—Ç–∏—á–µ—Å–∫–∏—Ö —Ä–µ—Å—É—Ä—Å–æ–≤","api-tests","Tue Feb 10 21:36:11 MSK 2026","passed","Tue Feb 10 21:36:11 MSK 2026","üéì API —Ç–µ—Å—Ç—ã –¥–ª—è Sauce Demo (5 –û–ë–Ø–ó–ê–¢–ï–õ–¨–ù–´–• —Ç–µ—Å—Ç–æ–≤)","","",""
"","2702","–£–¥–∞–ª–µ–Ω–∏–µ —Ç–æ–≤–∞—Ä–∞ –∏–∑ –∫–æ—Ä–∑–∏–Ω—ã","ui-tests","Tue Feb 10 20:40:56 MSK 2026","passed","Tue Feb 10 20:40:58 MSK 2026","–ü–æ–∫—É–ø–∫–∞ —Ç–æ–≤–∞—Ä–æ–≤ –Ω–∞ Sauce Demo","ui\specs\ecommerce.test.js","",""
"","2728","1. –£—Å–ø–µ—à–Ω–∞—è –∞–≤—Ç–æ—Ä–∏–∑–∞—Ü–∏—è —Å—Ç–∞–Ω–¥–∞—Ä—Ç–Ω–æ–≥–æ –ø–æ–ª—å–∑–æ–≤–∞—Ç–µ–ª—è","ui-tests","Thu Feb 12 19:03:38 MSK 2026","passed","Thu Feb 12 19:03:41 MSK 2026","üéì UI –¢–ï–°–¢–´ –î–õ–Ø –î–ò–ü–õ–û–ú–ê (5 –æ–±—è–∑–∞—Ç–µ–ª—å–Ω—ã—Ö —Ç–µ—Å—Ç–æ–≤)","UI\specs\sauceDemoUiTests.test.js","",""
"","225","3. GET /non-existent - 404 –æ—à–∏–±–∫–∞ (Service —Å –∞—Å—Å–µ—Ä—Ç–∞–º–∏)","api-tests","Tue Feb 10 20:52:07 MSK 2026","passed","Tue Feb 10 20:52:07 MSK 2026","üéì API —Ç–µ—Å—Ç—ã –¥–ª—è –¥–∏–ø–ª–æ–º–∞ (5 —Ç–µ—Å—Ç–æ–≤)","api\specs\sauceDemoApi.test.js","",""
"","749","DELETE /pet/{id} - —É–¥–∞–ª–µ–Ω–∏–µ –ø–∏—Ç–æ–º—Ü–∞","api-tests","Tue Feb 10 20:27:59 MSK 2026","passed","Tue Feb 10 20:28:00 MSK 2026","API —Ç–µ—Å—Ç—ã Swagger Petstore","api\specs\petApi.test.js","",""
"","275","–ü—Ä–æ–≤–µ—Ä–∫–∞ robots.txt","api-tests","Tue Feb 10 21:33:37 MSK 2026","passed","Tue Feb 10 21:33:38 MSK 2026","üîê –î–æ–ø–æ–ª–Ω–∏—Ç–µ–ª—å–Ω—ã–µ API —Ç–µ—Å—Ç—ã","","",""
"","751","–ò–Ω—Ç–µ–≥—Ä–∞—Ü–∏–æ–Ω–Ω—ã–π —Ç–µ—Å—Ç: –ø–æ–ª–Ω—ã–π —Ü–∏–∫–ª SPA","api-tests","Tue Feb 10 21:43:42 MSK 2026","passed","Tue Feb 10 21:43:43 MSK 2026","üîê –î–æ–ø–æ–ª–Ω–∏—Ç–µ–ª—å–Ω—ã–µ SPA —Ç–µ—Å—Ç—ã","","",""
"","265","–î–æ—Å—Ç—É–ø –∫ —Å—Ç—Ä–∞–Ω–∏—Ü–∞–º –±–µ–∑ –∞–≤—Ç–æ—Ä–∏–∑–∞—Ü–∏–∏","api-tests","Tue Feb 10 21:09:50 MSK 2026","failed","Tue Feb 10 21:09:51 MSK 2026","üîê –î–æ–ø–æ–ª–Ω–∏—Ç–µ–ª—å–Ω—ã–µ —Ç–µ—Å—Ç—ã –±–µ–∑–æ–ø–∞—Å–Ω–æ—Å—Ç–∏ API","","",""
"","110","3. –ü—Ä–æ–≤–µ—Ä–∫–∞ —Å–æ–¥–µ—Ä–∂–∞–Ω–∏—è —Å—Ç—Ä–∞–Ω–∏—Ü—ã","api-tests","Thu Feb 12 19:03:47 MSK 2026","passed","Thu Feb 12 19:03:47 MSK 2026","üéì API –¢–ï–°–¢–´ –î–õ–Ø –î–ò–ü–õ–û–ú–ê (5 –æ–±—è–∑–∞—Ç–µ–ª—å–Ω—ã—Ö —Ç–µ—Å—Ç–æ–≤)","API\specs\sauceDemoApi.test.js","",""
"","243","2. PWA –º–∞–Ω–∏—Ñ–µ—Å—Ç —Å—É—â–µ—Å—Ç–≤—É–µ—Ç –∏ –≤–∞–ª–∏–¥–µ–Ω","api-tests","Tue Feb 10 21:43:41 MSK 2026","passed","Tue Feb 10 21:43:41 MSK 2026","üéì API —Ç–µ—Å—Ç—ã –¥–ª—è SPA –ø—Ä–∏–ª–æ–∂–µ–Ω–∏—è Sauce Demo (5 –æ–±—è–∑–∞—Ç–µ–ª—å–Ω—ã—Ö)","","",""
"","66","4. –ü—Ä–æ–≤–µ—Ä–∫–∞ –º–µ—Ç–∞-—Ç–µ–≥–æ–≤ –∏ PWA —Ñ—É–Ω–∫—Ü–∏–æ–Ω–∞–ª–∞","api-tests","Tue Feb 10 21:43:41 MSK 2026","passed","Tue Feb 10 21:43:41 MSK 2026","üéì API —Ç–µ—Å—Ç—ã –¥–ª—è SPA –ø—Ä–∏–ª–æ–∂–µ–Ω–∏—è Sauce Demo (5 –æ–±—è–∑–∞—Ç–µ–ª—å–Ω—ã—Ö)","","",""
"","369","4. –ó–∞–≥—Ä—É–∑–∫–∞ —Å—Ç–∞—Ç–∏—á–µ—Å–∫–∏—Ö —Ä–µ—Å—É—Ä—Å–æ–≤ (–∏–∑–æ–±—Ä–∞–∂–µ–Ω–∏–π)","api-tests","Tue Feb 10 21:09:45 MSK 2026","failed","Tue Feb 10 21:09:46 MSK 2026","üéì –ü–û–õ–ù–û–¶–ï–ù–ù–´–ï API —Ç–µ—Å—Ç—ã –¥–ª—è Sauce Demo (5 —Ç–µ—Å—Ç–æ–≤)","","",""
"","159","5. –ü—Ä–æ–∏–∑–≤–æ–¥–∏—Ç–µ–ª—å–Ω–æ—Å—Ç—å –∏ –¥–æ—Å—Ç—É–ø–Ω–æ—Å—Ç—å SPA","api-tests","Tue Feb 10 21:43:41 MSK 2026","passed","Tue Feb 10 21:43:41 MSK 2026","üéì API —Ç–µ—Å—Ç—ã –¥–ª—è SPA –ø—Ä–∏–ª–æ–∂–µ–Ω–∏—è Sauce Demo (5 –æ–±—è–∑–∞—Ç–µ–ª—å–Ω—ã—Ö)","","",""
"","284","2. –ü—Ä–æ–≤–µ—Ä–∫–∞ HTML —Å—Ç—Ä—É–∫—Ç—É—Ä—ã —Å—Ç—Ä–∞–Ω–∏—Ü—ã","api-tests","Tue Feb 10 21:36:09 MSK 2026","failed","Tue Feb 10 21:36:09 MSK 2026","üéì API —Ç–µ—Å—Ç—ã –¥–ª—è Sauce Demo (5 –û–ë–Ø–ó–ê–¢–ï–õ–¨–ù–´–• —Ç–µ—Å—Ç–æ–≤)","","",""
"","238","4. –ü—Ä–æ–≤–µ—Ä–∫–∞ –±–µ–∑–æ–ø–∞—Å–Ω–æ—Å—Ç–∏ –∏ –∑–∞–≥–æ–ª–æ–≤–∫–æ–≤","api-tests","Tue Feb 10 21:36:11 MSK 2026","failed","Tue Feb 10 21:36:11 MSK 2026","üéì API —Ç–µ—Å—Ç—ã –¥–ª—è Sauce Demo (5 –û–ë–Ø–ó–ê–¢–ï–õ–¨–ù–´–• —Ç–µ—Å—Ç–æ–≤)","","",""
"","287","1. GET / - –≥–ª–∞–≤–Ω–∞—è —Å—Ç—Ä–∞–Ω–∏—Ü–∞ (Service —Å –∞—Å—Å–µ—Ä—Ç–∞–º–∏)","api-tests","Tue Feb 10 20:52:06 MSK 2026","passed","Tue Feb 10 20:52:07 MSK 2026","üéì API —Ç–µ—Å—Ç—ã –¥–ª—è –¥–∏–ø–ª–æ–º–∞ (5 —Ç–µ—Å—Ç–æ–≤)","api\specs\sauceDemoApi.test.js","",""
"","259","1. –ì–ª–∞–≤–Ω–∞—è —Å—Ç—Ä–∞–Ω–∏—Ü–∞ –≤–æ–∑–≤—Ä–∞—â–∞–µ—Ç HTML","api-tests","Tue Feb 10 20:43:47 MSK 2026","passed","Tue Feb 10 20:43:48 MSK 2026","5 API —Ç–µ—Å—Ç–æ–≤ –¥–ª—è Sauce Demo","api\specs\sauceDemoApi.test.js","",""
"","529","3. –ü–æ–ª—É—á–µ–Ω–∏–µ –¥–∞–Ω–Ω—ã—Ö –∏–Ω–≤–µ–Ω—Ç–∞—Ä—è (—Ç–æ–≤–∞—Ä–æ–≤)","api-tests","Tue Feb 10 21:09:45 MSK 2026","failed","Tue Feb 10 21:09:46 MSK 2026","üéì –ü–û–õ–ù–û–¶–ï–ù–ù–´–ï API —Ç–µ—Å—Ç—ã –¥–ª—è Sauce Demo (5 —Ç–µ—Å—Ç–æ–≤)","","",""
"","237","GET /inventory.html - –ø—Ä–æ–≤–µ—Ä–∫–∞ —Å—Ç—Ä—É–∫—Ç—É—Ä—ã –¥–∞–Ω–Ω—ã—Ö","api-tests","Tue Feb 10 20:10:30 MSK 2026","failed","Tue Feb 10 20:10:30 MSK 2026","API —Ç–µ—Å—Ç—ã Sauce Demo","api\specs\inventoryApi.test.js","",""
"","260","1. –ü—Ä–æ–≤–µ—Ä–∫–∞ –¥–æ—Å—Ç—É–ø–Ω–æ—Å—Ç–∏ –∏ —Å—Ç—Ä—É–∫—Ç—É—Ä—ã –≥–ª–∞–≤–Ω–æ–π —Å—Ç—Ä–∞–Ω–∏—Ü—ã","api-tests","Tue Feb 10 21:36:09 MSK 2026","failed","Tue Feb 10 21:36:09 MSK 2026","üéì API —Ç–µ—Å—Ç—ã –¥–ª—è Sauce Demo (5 –û–ë–Ø–ó–ê–¢–ï–õ–¨–ù–´–• —Ç–µ—Å—Ç–æ–≤)","","",""
"","65","–ê–≤—Ç–æ—Ä–∏–∑–∞—Ü–∏—è –∑–∞–±–ª–æ–∫–∏—Ä–æ–≤–∞–Ω–Ω–æ–≥–æ –ø–æ–ª—å–∑–æ–≤–∞—Ç–µ–ª—è","api-tests","Tue Feb 10 21:33:38 MSK 2026","failed","Tue Feb 10 21:33:38 MSK 2026","üîê –î–æ–ø–æ–ª–Ω–∏—Ç–µ–ª—å–Ω—ã–µ API —Ç–µ—Å—Ç—ã","","",""
"","71","3. CSS —Ñ–∞–π–ª—ã –∑–∞–≥—Ä—É–∂–∞—é—Ç—Å—è","api-tests","Tue Feb 10 20:43:48 MSK 2026","passed","Tue Feb 10 20:43:48 MSK 2026","5 API —Ç–µ—Å—Ç–æ–≤ –¥–ª—è Sauce Demo","api\specs\sauceDemoApi.test.js","",""
"","280","5. GET /favicon.ico - —Ñ–∞–≤–∏–∫–æ–Ω (Service —Å –∞—Å—Å–µ—Ä—Ç–∞–º–∏)","api-tests","Tue Feb 10 20:52:09 MSK 2026","passed","Tue Feb 10 20:52:09 MSK 2026","üéì API —Ç–µ—Å—Ç—ã –¥–ª—è –¥–∏–ø–ª–æ–º–∞ (5 —Ç–µ—Å—Ç–æ–≤)","api\specs\sauceDemoApi.test.js","",""
"","326","2. –ü—Ä–æ–≤–µ—Ä–∫–∞ –∑–∞–≥–æ–ª–æ–≤–∫–æ–≤ –∏ Content-Type","api-tests","Thu Feb 12 19:03:49 MSK 2026","passed","Thu Feb 12 19:03:49 MSK 2026","üéì API –¢–ï–°–¢–´ –î–õ–Ø –î–ò–ü–õ–û–ú–ê (5 –æ–±—è–∑–∞—Ç–µ–ª—å–Ω—ã—Ö —Ç–µ—Å—Ç–æ–≤)","API\specs\sauceDemoApi.test.js","",""
"","2574","2. –û—à–∏–±–∫–∞ –∞–≤—Ç–æ—Ä–∏–∑–∞—Ü–∏–∏ –∑–∞–±–ª–æ–∫–∏—Ä–æ–≤–∞–Ω–Ω–æ–≥–æ –ø–æ–ª—å–∑–æ–≤–∞—Ç–µ–ª—è","ui-tests","Thu Feb 12 19:03:38 MSK 2026","passed","Thu Feb 12 19:03:41 MSK 2026","üéì UI –¢–ï–°–¢–´ –î–õ–Ø –î–ò–ü–õ–û–ú–ê (5 –æ–±—è–∑–∞—Ç–µ–ª—å–Ω—ã—Ö —Ç–µ—Å—Ç–æ–≤)","UI\specs\sauceDemoUiTests.test.js","",""
"","94","–ü—Ä–æ–≤–µ—Ä–∫–∞ –≤—Ä–µ–º–µ–Ω–∏ –æ—Ç–≤–µ—Ç–∞","api-tests","Tue Feb 10 21:33:38 MSK 2026","passed","Tue Feb 10 21:33:38 MSK 2026","üîê –î–æ–ø–æ–ª–Ω–∏—Ç–µ–ª—å–Ω—ã–µ API —Ç–µ—Å—Ç—ã","","",""
"","65","GET /inventory.html - –ø—Ä–æ–≤–µ—Ä–∫–∞ –∫—ç—à–∏—Ä—É—é—â–∏—Ö –∑–∞–≥–æ–ª–æ–≤–∫–æ–≤","api-tests","Tue Feb 10 20:10:33 MSK 2026","passed","Tue Feb 10 20:10:33 MSK 2026","API —Ç–µ—Å—Ç—ã Sauce Demo","api\specs\inventoryApi.test.js","",""
"","367","–ù–µ–≥–∞—Ç–∏–≤–Ω—ã–µ —Ç–µ—Å—Ç—ã - –æ–±—Ä–∞–±–æ—Ç–∫–∞ –æ—à–∏–±–æ–∫","api-tests","Tue Feb 10 20:28:00 MSK 2026","failed","Tue Feb 10 20:28:00 MSK 2026","","api\specs\petApi.test.js","",""
"","354","SPA —Ä–æ—É—Ç–∏–Ω–≥ —Ä–∞–±–æ—Ç–∞–µ—Ç –∫–æ—Ä—Ä–µ–∫—Ç–Ω–æ","api-tests","Tue Feb 10 21:43:41 MSK 2026","failed","Tue Feb 10 21:43:42 MSK 2026","üîê –î–æ–ø–æ–ª–Ω–∏—Ç–µ–ª—å–Ω—ã–µ SPA —Ç–µ—Å—Ç—ã","","",""
"","2564","–£—Å–ø–µ—à–Ω–∞—è –∞–≤—Ç–æ—Ä–∏–∑–∞—Ü–∏—è","ui-tests","Tue Feb 10 20:40:59 MSK 2026","passed","Tue Feb 10 20:41:01 MSK 2026","","ui\specs\login.test.js","",""
"","243","GET /api/nonexistent - –æ–±—Ä–∞–±–æ—Ç–∫–∞ –æ—à–∏–±–∫–∏ 404","api-tests","Tue Feb 10 20:10:32 MSK 2026","passed","Tue Feb 10 20:10:32 MSK 2026","API —Ç–µ—Å—Ç—ã Sauce Demo","api\specs\inventoryApi.test.js","",""
"","237","5. –°–∏–º—É–ª—è—Ü–∏—è —Ä–∞–±–æ—Ç—ã —Å –∫–æ—Ä–∑–∏–Ω–æ–π","api-tests","Tue Feb 10 21:09:48 MSK 2026","failed","Tue Feb 10 21:09:48 MSK 2026","üéì –ü–û–õ–ù–û–¶–ï–ù–ù–´–ï API —Ç–µ—Å—Ç—ã –¥–ª—è Sauce Demo (5 —Ç–µ—Å—Ç–æ–≤)","","",""
"","2691","–ü–æ–ª–Ω–æ–µ –æ—Ñ–æ—Ä–º–ª–µ–Ω–∏–µ –∑–∞–∫–∞–∑–∞","ui-tests","Tue Feb 10 20:40:59 MSK 2026","passed","Tue Feb 10 20:41:01 MSK 2026","–ü–æ–∫—É–ø–∫–∞ —Ç–æ–≤–∞—Ä–æ–≤ –Ω–∞ Sauce Demo","ui\specs\ecommerce.test.js","",""
"","2631","3. –î–æ–±–∞–≤–ª–µ–Ω–∏–µ —Ç–æ–≤–∞—Ä–∞ –≤ –∫–æ—Ä–∑–∏–Ω—É","ui-tests","Thu Feb 12 19:03:41 MSK 2026","passed","Thu Feb 12 19:03:44 MSK 2026","üéì UI –¢–ï–°–¢–´ –î–õ–Ø –î–ò–ü–õ–û–ú–ê (5 –æ–±—è–∑–∞—Ç–µ–ª—å–Ω—ã—Ö —Ç–µ—Å—Ç–æ–≤)","UI\specs\sauceDemoUiTests.test.js","",""
"","775","PUT /pet - –æ–±–Ω–æ–≤–ª–µ–Ω–∏–µ –∏–Ω—Ñ–æ—Ä–º–∞—Ü–∏–∏","api-tests","Tue Feb 10 20:27:59 MSK 2026","passed","Tue Feb 10 20:28:00 MSK 2026","API —Ç–µ—Å—Ç—ã Swagger Petstore","api\specs\petApi.test.js","",""
"","307","1. –ü—Ä–æ–≤–µ—Ä–∫–∞ –¥–æ—Å—Ç—É–ø–Ω–æ—Å—Ç–∏ —Å–∞–π—Ç–∞","api-tests","Thu Feb 12 19:03:47 MSK 2026","passed","Thu Feb 12 19:03:47 MSK 2026","üéì API –¢–ï–°–¢–´ –î–õ–Ø –î–ò–ü–õ–û–ú–ê (5 –æ–±—è–∑–∞—Ç–µ–ª—å–Ω—ã—Ö —Ç–µ—Å—Ç–æ–≤)","API\specs\sauceDemoApi.test.js","",""
"","64","3. –ù–µ—É—Å–ø–µ—à–Ω–∞—è –∞–≤—Ç–æ—Ä–∏–∑–∞—Ü–∏—è —Å –Ω–µ–≤–µ—Ä–Ω—ã–º–∏ –¥–∞–Ω–Ω—ã–º–∏","api-tests","Tue Feb 10 21:33:33 MSK 2026","failed","Tue Feb 10 21:33:33 MSK 2026","üéì API —Ç–µ—Å—Ç—ã –¥–ª—è Sauce Demo (5 –æ–±—è–∑–∞—Ç–µ–ª—å–Ω—ã—Ö —Ç–µ—Å—Ç–æ–≤)","","",""
"","804","GET /pet/{id} - –ø–æ–ª—É—á–µ–Ω–∏–µ –∏–Ω—Ñ–æ—Ä–º–∞—Ü–∏–∏ –æ –ø–∏—Ç–æ–º—Ü–µ","api-tests","Tue Feb 10 20:27:56 MSK 2026","passed","Tue Feb 10 20:27:56 MSK 2026","API —Ç–µ—Å—Ç—ã Swagger Petstore","api\specs\petApi.test.js","",""
"","178","GET /pet/findByStatus - –ø–æ–∏—Å–∫ –ø–∏—Ç–æ–º—Ü–µ–≤ –ø–æ —Å—Ç–∞—Ç—É—Å—É","api-tests","Tue Feb 10 20:27:57 MSK 2026","failed","Tue Feb 10 20:27:57 MSK 2026","API —Ç–µ—Å—Ç—ã Swagger Petstore","api\specs\petApi.test.js","",""
"","265","–ü—Ä–æ–≤–µ—Ä–∫–∞ Content-Type –∑–∞–≥–æ–ª–æ–≤–∫–æ–≤","api-tests","Tue Feb 10 21:36:15 MSK 2026","passed","Tue Feb 10 21:36:16 MSK 2026","üîê –î–æ–ø–æ–ª–Ω–∏—Ç–µ–ª—å–Ω—ã–µ API —Ç–µ—Å—Ç—ã","","",""
"","290","2. GET /static/css - —Å—Ç–∞—Ç–∏—á–µ—Å–∫–∏–π —Ñ–∞–π–ª (Service —Å –∞—Å—Å–µ—Ä—Ç–∞–º–∏)","api-tests","Tue Feb 10 20:52:06 MSK 2026","passed","Tue Feb 10 20:52:07 MSK 2026","üéì API —Ç–µ—Å—Ç—ã –¥–ª—è –¥–∏–ø–ª–æ–º–∞ (5 —Ç–µ—Å—Ç–æ–≤)","api\specs\sauceDemoApi.test.js","",""
"","793","POST /pet - —Å–æ–∑–¥–∞–Ω–∏–µ —Å –Ω–µ–≤–µ—Ä–Ω—ã–º–∏ –¥–∞–Ω–Ω—ã–º–∏ (–Ω–µ–≥–∞—Ç–∏–≤–Ω—ã–π —Ç–µ—Å—Ç)","api-tests","Tue Feb 10 20:25:45 MSK 2026","passed","Tue Feb 10 20:25:46 MSK 2026","API —Ç–µ—Å—Ç—ã Swagger Petstore","api\specs\petApi.test.js","",""
"","62","–ü—Ä–æ–≤–µ—Ä–∫–∞ HTTP –∑–∞–≥–æ–ª–æ–≤–∫–æ–≤ –¥–ª—è SPA","api-tests","Tue Feb 10 21:43:42 MSK 2026","passed","Tue Feb 10 21:43:42 MSK 2026","üîê –î–æ–ø–æ–ª–Ω–∏—Ç–µ–ª—å–Ω—ã–µ SPA —Ç–µ—Å—Ç—ã","","",""
"","652","2. GET ?/inventory.html - —Å—Ç—Ä–∞–Ω–∏—Ü–∞ —Ç–æ–≤–∞—Ä–æ–≤ —Å –∫—É–∫–æ–π –∞–≤—Ç–æ—Ä–∏–∑–∞—Ü–∏–∏","api-tests","Tue Feb 10 20:49:06 MSK 2026","passed","Tue Feb 10 20:49:06 MSK 2026","üéØ 5 API —Ç–µ—Å—Ç–æ–≤ Sauce Demo (–Ω–∞ —Ä–µ–∞–ª—å–Ω—ã—Ö –¥–∞–Ω–Ω—ã—Ö)","api\specs\sauceDemoApi.test.js","",""
"","242","GET /inventory.html - –ø—Ä–æ–≤–µ—Ä–∫–∞ –∑–∞–≥–æ–ª–æ–≤–∫–æ–≤","api-tests","Tue Feb 10 20:10:32 MSK 2026","failed","Tue Feb 10 20:10:32 MSK 2026","API —Ç–µ—Å—Ç—ã Sauce Demo","api\specs\inventoryApi.test.js","",""
"","67","4. –ü—Ä–æ–≤–µ—Ä–∫–∞ —Å—Ç–∞—Ç–∏—á–µ—Å–∫–∏—Ö —Ä–µ—Å—É—Ä—Å–æ–≤","api-tests","Thu Feb 12 19:03:47 MSK 2026","passed","Thu Feb 12 19:03:47 MSK 2026","üéì API –¢–ï–°–¢–´ –î–õ–Ø –î–ò–ü–õ–û–ú–ê (5 –æ–±—è–∑–∞—Ç–µ–ª—å–Ω—ã—Ö —Ç–µ—Å—Ç–æ–≤)","API\specs\sauceDemoApi.test.js","",""
"","268","GET / - –≥–ª–∞–≤–Ω–∞—è —Å—Ç—Ä–∞–Ω–∏—Ü–∞ –≤–æ–∑–≤—Ä–∞—â–∞–µ—Ç 200 –∏ –∫–æ—Ä—Ä–µ–∫—Ç–Ω—ã–π HTML","api-tests","Tue Feb 10 20:41:28 MSK 2026","failed","Tue Feb 10 20:41:29 MSK 2026","API —Ç–µ—Å—Ç—ã Sauce Demo","api\specs\sauceDemoApi.test.js","",""
"","318","1. GET / - –≥–ª–∞–≤–Ω–∞—è —Å—Ç—Ä–∞–Ω–∏—Ü–∞ (–ø—É–±–ª–∏—á–Ω–∞—è)","api-tests","Tue Feb 10 20:49:06 MSK 2026","passed","Tue Feb 10 20:49:06 MSK 2026","üéØ 5 API —Ç–µ—Å—Ç–æ–≤ Sauce Demo (–Ω–∞ —Ä–µ–∞–ª—å–Ω—ã—Ö –¥–∞–Ω–Ω—ã—Ö)","api\specs\sauceDemoApi.test.js","",""
"","274","–ö–æ—Ä—Ä–µ–∫—Ç–Ω–æ—Å—Ç—å CORS –∑–∞–≥–æ–ª–æ–≤–∫–æ–≤","api-tests","Tue Feb 10 21:09:50 MSK 2026","passed","Tue Feb 10 21:09:51 MSK 2026","üîê –î–æ–ø–æ–ª–Ω–∏—Ç–µ–ª—å–Ω—ã–µ —Ç–µ—Å—Ç—ã –±–µ–∑–æ–ø–∞—Å–Ω–æ—Å—Ç–∏ API","","",""
"","2455","4. –£–¥–∞–ª–µ–Ω–∏–µ —Ç–æ–≤–∞—Ä–∞ –∏–∑ –∫–æ—Ä–∑–∏–Ω—ã","ui-tests","Thu Feb 12 19:03:42 MSK 2026","passed","Thu Feb 12 19:03:44 MSK 2026","üéì UI –¢–ï–°–¢–´ –î–õ–Ø –î–ò–ü–õ–û–ú–ê (5 –æ–±—è–∑–∞—Ç–µ–ª—å–Ω—ã—Ö —Ç–µ—Å—Ç–æ–≤)","UI\specs\sauceDemoUiTests.test.js","",""
"","10","4. GET ?/inventory.html - –∞–≤—Ç–æ—Ä–∏–∑–∞—Ü–∏—è (Service —Å –∞—Å—Å–µ—Ä—Ç–∞–º–∏)","api-tests","Tue Feb 10 20:52:07 MSK 2026","failed","Tue Feb 10 20:52:07 MSK 2026","üéì API —Ç–µ—Å—Ç—ã –¥–ª—è –¥–∏–ø–ª–æ–º–∞ (5 —Ç–µ—Å—Ç–æ–≤)","api\specs\sauceDemoApi.test.js","",""
"","230","GET /inventory.html - —É—Å–ø–µ—à–Ω–æ–µ –ø–æ–ª—É—á–µ–Ω–∏–µ —Ç–æ–≤–∞—Ä–æ–≤","api-tests","Tue Feb 10 20:10:30 MSK 2026","failed","Tue Feb 10 20:10:30 MSK 2026","API —Ç–µ—Å—Ç—ã Sauce Demo","api\specs\inventoryApi.test.js","",""
"","59","5. –ü—Ä–æ–≤–µ—Ä–∫–∞ –ø—Ä–æ–∏–∑–≤–æ–¥–∏—Ç–µ–ª—å–Ω–æ—Å—Ç–∏","api-tests","Thu Feb 12 19:03:47 MSK 2026","passed","Thu Feb 12 19:03:47 MSK 2026","üéì API –¢–ï–°–¢–´ –î–õ–Ø –î–ò–ü–õ–û–ú–ê (5 –æ–±—è–∑–∞—Ç–µ–ª—å–Ω—ã—Ö —Ç–µ—Å—Ç–æ–≤)","API\specs\sauceDemoApi.test.js","",""
"","282","1. –ü—Ä–æ–≤–µ—Ä–∫–∞ –¥–æ—Å—Ç—É–ø–Ω–æ—Å—Ç–∏ –≥–ª–∞–≤–Ω–æ–π —Å—Ç—Ä–∞–Ω–∏—Ü—ã","api-tests","Tue Feb 10 21:33:33 MSK 2026","passed","Tue Feb 10 21:33:33 MSK 2026","üéì API —Ç–µ—Å—Ç—ã –¥–ª—è Sauce Demo (5 –æ–±—è–∑–∞—Ç–µ–ª—å–Ω—ã—Ö —Ç–µ—Å—Ç–æ–≤)","","",""
"","905","–ü—Ä–æ–≤–µ—Ä–∫–∞ —Ä–µ–¥–∏—Ä–µ–∫—Ç–æ–≤ –¥–ª—è –∑–∞—â–∏—â–µ–Ω–Ω—ã—Ö –ø—É—Ç–µ–π","api-tests","Tue Feb 10 21:36:13 MSK 2026","passed","Tue Feb 10 21:36:14 MSK 2026","üîê –î–æ–ø–æ–ª–Ω–∏—Ç–µ–ª—å–Ω—ã–µ API —Ç–µ—Å—Ç—ã","","",""
